{
	"Changes": [
		{
			"LogName": "Abigail - Seasonal",
			"Action": "EditImage",
			"Target": "Portraits/Abigail, Characters/Abigail",
			"FromFile": "assets/{{Target}}/{{TargetWithoutPath}}_{{season}}{{IndoorVariant}}.png",
			"When":
			{
				"HasFile:{{FromFile}}": true,
			},
		},
		{
			"LogName": "Abigail - Winter Indoor/Outdoor",
			"Action": "EditImage",
			"Target": "Portraits/Abigail, Characters/Abigail",
			"FromFile": "assets/{{Target}}/{{TargetWithoutPath}}_{{season}}{{IndoorVariant}}.png",
			"When":
			{
				"HasFile:{{FromFile}}": true,
                "Season": "Winter",
                "WinterIndoorOutdoorOutfits": "IndoorOutdoor",
			},
			"Update": "OnLocationChange",
		},
		{
			"LogName": "Abigail - Festival",
			"Action": "EditImage",
			"Target": "Portraits/Abigail, Characters/Abigail",
            "FromFile": "assets/{{TargetPathOnly}}/Festivals/{{Festival}}/{{TargetWithoutPath}}_{{Festival}}.png",
			"When":
			{
				"HasFile:{{FromFile}}": true,
				"FestivalOutfits": "True",
			},
			"Update": "OnLocationChange",
		},
		{
			"LogName": "Abigail - Beach",
			"Action": "EditImage",
			"Target": "Portraits/Abigail_Beach, Characters/Abigail_Beach",
			"FromFile": "assets/{{TargetPathOnly}}/Beach/{{TargetWithoutPath}}.png",
			"When":
			{
				"HasFile:{{FromFile}}": true,
			},
		},
		
// NOSE OVERLAY
		{
			"LogName": "Abigail - Seasonal Nose",
			"Action": "EditImage",
			"Target": "Characters/Abigail",
            "FromFile": "assets/{{Target}}/{{TargetWithoutPath}}_nose.png",
            "PatchMode": "Overlay",
			"When":
			{
				"HasFile:{{FromFile}}": true,
				"NoNose": "false",
			},
		},
		{
			"LogName": "Abigail - Beach Nose",
			"Action": "EditImage",
			"Target": "Characters/Abigail_Beach",
            "FromFile": "assets/{{TargetPathOnly}}/Beach/{{TargetWithoutPath}}_nose.png",
            "PatchMode": "Overlay",
			"When":
			{
				"HasFile:{{FromFile}}": true,
				"NoNose": "false",
			},
		},
		
// MISCELLANEOUS		
		{
			"LogName": "Abigail - Emoji",
			"Action": "EditImage",
			"Target": "LooseSprites/emojis",
            "FromFile": "assets/{{NoNose}}/Random/emojis.png",
			"FromArea": {"X": 0, "Y": 99, "Width": 9, "Height": 9},
			"ToArea": {"X": 0, "Y": 99, "Width": 9, "Height": 9},
			"When": 
			{
				"HasFile:{{FromFile}}": true,
			},
		},
	]
}
