{
	"Changes": [
		{
			"LogName": "Evelyn - Seasonal",
			"Action": "EditImage",
			"Target": "Portraits/Evelyn, Characters/Evelyn",
			"FromFile": "assets/{{Target}}/{{TargetWithoutPath}}_{{season}}{{IndoorVariant}}.png",
			"When":
			{
				"HasFile:{{FromFile}}": true,
			},
		},
		{
			"LogName": "Evelyn - Winter Indoor/Outdoor",
			"Action": "EditImage",
			"Target": "Portraits/Evelyn, Characters/Evelyn",
			"FromFile": "assets/{{Target}}/{{TargetWithoutPath}}_{{season}}{{IndoorVariant}}.png",
			"When":
			{
				"HasFile:{{FromFile}}": true,
                "Season": "Winter",
                "WinterIndoorOutdoorOutfits": "IndoorOutdoor",
			},
			"Update": "OnLocationChange",
		},
		{
			"LogName": "Evelyn - Festival",
			"Action": "EditImage",
			"Target": "Portraits/Evelyn, Characters/Evelyn",
            "FromFile": "assets/{{TargetPathOnly}}/Festivals/{{Festival}}/{{TargetWithoutPath}}_{{Festival}}.png",
			"When":
			{
				"HasFile:{{FromFile}}": true,
				"FestivalOutfits": "True",
			},
			"Update": "OnLocationChange",
		},
		{
			"LogName": "Evelyn - Beach",
			"Action": "EditImage",
			"Target": "Portraits/Evelyn, Characters/Evelyn",
			"FromFile": "assets/{{TargetPathOnly}}/Beach/{{TargetWithoutPath}}.png",
			"When":
			{
				"HasFile:{{FromFile}}": true,
				"LocationName": "IslandSouth, IslandWest, IslandEast, IslandNorth",
				"Time": "{{Range: 1130, 1820}}",
			},
            "Update": "OnTimeChange, OnLocationChange",
		},
		
// NOSE OVERLAY
		{
			"LogName": "Evelyn - Seasonal Nose",
			"Action": "EditImage",
			"Target": "Characters/Evelyn",
            "FromFile": "assets/{{Target}}/{{TargetWithoutPath}}_nose.png",
            "PatchMode": "Overlay",
			"When":
			{
				"HasFile:{{FromFile}}": true,
				"NoNose": "false",
			},
		},
		
// MISCELLANEOUS		
		{
			"LogName": "Evelyn - Emoji",
			"Action": "EditImage",
			"Target": "LooseSprites/emojis",
            "FromFile": "assets/{{NoNose}}/Random/emojis.png",
			"FromArea": {"X": 117, "Y": 99, "Width": 9, "Height": 9},
			"ToArea": {"X": 117, "Y": 99, "Width": 9, "Height": 9},
			"When": 
			{
				"HasFile:{{FromFile}}": true,
			},
		},
	]
}
