{
	"Changes": [
		{
			"LogName": "George - Seasonal",
			"Action": "EditImage",
			"Target": "Portraits/George, Characters/George",
			"FromFile": "assets/{{Target}}/{{TargetWithoutPath}}_{{season}}{{IndoorVariant}}.png",
			"When":
			{
				"HasFile:{{FromFile}}": true,
			},
		},
		{
			"LogName": "George - Winter Indoor/Outdoor",
			"Action": "EditImage",
			"Target": "Portraits/George, Characters/George",
			"FromFile": "assets/{{Target}}/{{TargetWithoutPath}}_{{season}}{{IndoorVariant}}.png",
			"When":
			{
				"HasFile:{{FromFile}}": true,
                "Season": "Winter",
                "WinterIndoorOutdoorOutfits": "IndoorOutdoor",
			},
			"Update": "OnLocationChange",
		},
		{
			"LogName": "George - Festival",
			"Action": "EditImage",
			"Target": "Portraits/George, Characters/George",
            "FromFile": "assets/{{TargetPathOnly}}/Festivals/{{Festival}}/{{TargetWithoutPath}}_{{Festival}}.png",
			"When":
			{
				"HasFile:{{FromFile}}": true,
				"FestivalOutfits": "True",
			},
			"Update": "OnLocationChange",
		},
		
// NOSE OVERLAY
		{
			"LogName": "George - Seasonal Nose",
			"Action": "EditImage",
			"Target": "Characters/George",
            "FromFile": "assets/{{Target}}/{{TargetWithoutPath}}_nose.png",
            "PatchMode": "Overlay",
			"When":
			{
				"HasFile:{{FromFile}}": true,
				"NoNose": "false",
			},
		},
		
// MISCELLANEOUS		
		{
			"LogName": "George - Emoji",
			"Action": "EditImage",
			"Target": "LooseSprites/emojis",
            "FromFile": "assets/{{NoNose}}/Random/emojis.png",
			"FromArea": {"X": 36, "Y": 117, "Width": 9, "Height": 9},
			"ToArea": {"X": 36, "Y": 117, "Width": 9, "Height": 9},
			"When": 
			{
				"HasFile:{{FromFile}}": true,
			},
		},
	]
}
