{
	"Changes": [
		{
			"LogName": "Gus - Seasonal",
			"Action": "EditImage",
			"Target": "Portraits/Gus, Characters/Gus",
			"FromFile": "assets/{{Target}}/{{TargetWithoutPath}}_{{season}}{{IndoorVariant}}.png",
			"When":
			{
				"HasFile:{{FromFile}}": true,
			},
		},
		{
			"LogName": "Gus - Winter Indoor/Outdoor",
			"Action": "EditImage",
			"Target": "Portraits/Gus, Characters/Gus",
			"FromFile": "assets/{{Target}}/{{TargetWithoutPath}}_{{season}}{{IndoorVariant}}.png",
			"When":
			{
				"HasFile:{{FromFile}}": true,
                "Season": "Winter",
                "WinterIndoorOutdoorOutfits": "IndoorOutdoor",
			},
			"Update": "OnLocationChange",
		},
		{
			"LogName": "Gus - Festival",
			"Action": "EditImage",
			"Target": "Portraits/Gus, Characters/Gus",
            "FromFile": "assets/{{TargetPathOnly}}/Festivals/{{Festival}}/{{TargetWithoutPath}}_{{Festival}}.png",
			"When":
			{
				"HasFile:{{FromFile}}": true,
				"FestivalOutfits": "True",
			},
			"Update": "OnLocationChange",
		},
		{
			"LogName": "Gus - Beach",
			"Action": "EditImage",
			"Target": "Portraits/Gus, Characters/Gus",
			"FromFile": "assets/{{TargetPathOnly}}/Beach/{{TargetWithoutPath}}.png",
			"When":
			{
				"HasFile:{{FromFile}}": true,
				"LocationName": "IslandSouth, IslandWest, IslandEast, IslandNorth",
				"Time": "{{Range: 1130, 1820}}",
			},
            "Update": "OnTimeChange, OnLocationChange",
		},
		
// MISCELLANEOUS		
		{
			"LogName": "Gus - Emoji",
			"Action": "EditImage",
			"Target": "LooseSprites/emojis",
            "FromFile": "assets/{{NoNose}}/Random/emojis.png",
			"FromArea": {"X": 18, "Y": 117, "Width": 9, "Height": 9},
			"ToArea": {"X": 18, "Y": 117, "Width": 9, "Height": 9},
			"When": 
			{
				"HasFile:{{FromFile}}": true,
			},
		},
		{
			"LogName": "Gus - Junimo Note",
			"Action": "EditImage",
			"Target": "LooseSprites/JunimoNote",
			"FromFile": "assets/{{NoNose}}/Random/JunimoNote.png",
			"FromArea": { "X": 352, "Y": 212, "Width": 32, "Height": 32 },
			"ToArea": { "X": 352, "Y": 212, "Width": 32, "Height": 32 },
			"When":
			{
				"HasFile:{{FromFile}}": true,
			},
		},
	]
}
