{
	"Changes": [
		{
			"LogName": "Jas - Seasonal",
			"Action": "EditImage",
			"Target": "Portraits/Jas, Characters/Jas",
			"FromFile": "assets/{{Target}}/{{TargetWithoutPath}}_{{season}}{{IndoorVariant}}.png",
			"When":
			{
				"HasFile:{{FromFile}}": true,
			},
		},
		{
			"LogName": "Jas - Winter Indoor/Outdoor",
			"Action": "EditImage",
			"Target": "Portraits/Jas, Characters/Jas",
			"FromFile": "assets/{{Target}}/{{TargetWithoutPath}}_{{season}}{{IndoorVariant}}.png",
			"When":
			{
				"HasFile:{{FromFile}}": true,
                "Season": "Winter",
                "WinterIndoorOutdoorOutfits": "IndoorOutdoor",
			},
			"Update": "OnLocationChange",
		},
		{
			"LogName": "Jas - Festival",
			"Action": "EditImage",
			"Target": "Portraits/Jas, Characters/Jas",
            "FromFile": "assets/{{TargetPathOnly}}/Festivals/{{Festival}}/{{TargetWithoutPath}}_{{Festival}}.png",
			"When":
			{
				"HasFile:{{FromFile}}": true,
				"FestivalOutfits": "True",
			},
			"Update": "OnLocationChange",
		},
		{
			"LogName": "Jas - Beach Portrait",
			"Action": "EditImage",
			"Target": "Portraits/Jas, Characters/Jas",
			"FromFile": "assets/{{TargetPathOnly}}/Beach/Adds/{{TargetWithoutPath}}_Beach.png",
			"When":
			{
				"HasFile:{{FromFile}}": true,
				"LocationName": "IslandSouth, IslandWest, IslandEast, IslandNorth",
				"Time": "{{Range: 1130, 1820}}",
			},
            "Update": "OnTimeChange, OnLocationChange",
		},
		
// NOSE OVERLAY
		{
			"LogName": "Jas - Seasonal Nose",
			"Action": "EditImage",
			"Target": "Characters/Jas",
            "FromFile": "assets/{{Target}}/{{TargetWithoutPath}}_nose.png",
            "PatchMode": "Overlay",
			"When":
			{
				"HasFile:{{FromFile}}": true,
				"NoNose": "false",
			},
		},
		
// MISCELLANEOUS		
		{
			"LogName": "Jas - Emoji",
			"Action": "EditImage",
			"Target": "LooseSprites/emojis",
            "FromFile": "assets/{{NoNose}}/Random/emojis.png",
			"FromArea": {"X": 108, "Y": 108, "Width": 9, "Height": 9},
			"ToArea": {"X": 108, "Y": 108, "Width": 9, "Height": 9},
			"When": 
			{
				"HasFile:{{FromFile}}": true,
			},
		},
		{
			"LogName": "Jas - Bundle Sprite",
			"Action": "EditImage",
			"Target": "LooseSprites/BundleSprites",
            "FromFile": "assets/{{NoNose}}/Random/BundleSprites.png",
			"FromArea": { "X": 16, "Y": 0, "Width": 16, "Height": 32 },
			"ToArea": { "X": 16, "Y": 0, "Width": 16, "Height": 32 },
			"When":
			{
				"HasFile:{{FromFile}}": true,
			},
		},
	]
}
