{
	"Changes": [
		{
			"LogName": "Jodi - Seasonal",
			"Action": "EditImage",
			"Target": "Portraits/Jodi, Characters/Jodi",
			"FromFile": "assets/{{Target}}/{{TargetWithoutPath}}_{{season}}{{IndoorVariant}}.png",
			"When":
			{
				"HasFile:{{FromFile}}": true,
			},
		},
		{
			"LogName": "Jodi - Winter Indoor/Outdoor",
			"Action": "EditImage",
			"Target": "Portraits/Jodi, Characters/Jodi",
			"FromFile": "assets/{{Target}}/{{TargetWithoutPath}}_{{season}}{{IndoorVariant}}.png",
			"When":
			{
				"HasFile:{{FromFile}}": true,
                "Season": "Winter",
                "WinterIndoorOutdoorOutfits": "IndoorOutdoor",
			},
			"Update": "OnLocationChange",
		},
		{
			"LogName": "Jodi - Festival",
			"Action": "EditImage",
			"Target": "Portraits/Jodi, Characters/Jodi",
            "FromFile": "assets/{{TargetPathOnly}}/Festivals/{{Festival}}/{{TargetWithoutPath}}_{{Festival}}.png",
			"When":
			{
				"HasFile:{{FromFile}}": true,
				"FestivalOutfits": "True",
			},
			"Update": "OnLocationChange",
		},
		{
			"LogName": "Jodi - Beach",
			"Action": "EditImage",
			"Target": "Portraits/Jodi_Beach, Characters/Jodi_Beach",
			"FromFile": "assets/{{TargetPathOnly}}/Beach/{{TargetWithoutPath}}.png",
			"When":
			{
				"HasFile:{{FromFile}}": true,
			},
		},
		{
			"LogName": "Jodi - Aerobics",
			"Action": "EditImage",
			"Target": "Portraits/Jodi, Characters/Jodi",
			"FromFile": "assets/{{Target}}/{{TargetWithoutPath}}_Aerobics.png",
			"When":
			{
				"HasFile:{{FromFile}}": true,
				"AerobicsDay": "Regular, Harvey",
			},
			"Update": "OnLocationChange, OnTimeChange",
		},
		
// NOSE OVERLAY
		{
			"LogName": "Jodi - Seasonal Nose",
			"Action": "EditImage",
			"Target": "Characters/Jodi",
            "FromFile": "assets/{{Target}}/{{TargetWithoutPath}}_nose.png",
            "PatchMode": "Overlay",
			"When":
			{
				"HasFile:{{FromFile}}": true,
				"NoNose": "false",
			},
		},
		{
			"LogName": "Jodi - Beach Nose",
			"Action": "EditImage",
			"Target": "Characters/Jodi_Beach",
            "FromFile": "assets/{{TargetPathOnly}}/Beach/{{TargetWithoutPath}}_nose.png",
            "PatchMode": "Overlay",
			"When":
			{
				"HasFile:{{FromFile}}": true,
				"NoNose": "false",
			},
		},
		
// MISCELLANEOUS		
		{
			"LogName": "Jodi - Emoji",
			"Action": "EditImage",
			"Target": "LooseSprites/emojis",
            "FromFile": "assets/{{NoNose}}/Random/emojis.png",
			"FromArea": {"X": 45, "Y": 108, "Width": 9, "Height": 9},
			"ToArea": {"X": 45, "Y": 108, "Width": 9, "Height": 9},
			"When": 
			{
				"HasFile:{{FromFile}}": true,
			},
		},
		{
			"LogName": "Jodi Bundle Sprite",
			"Action": "EditImage",
			"Target": "LooseSprites/BundleSprites",
            "FromFile": "assets/{{NoNose}}/Random/BundleSprites.png",
			"FromArea": { "X": 192, "Y": 0, "Width": 32, "Height": 32 },
			"ToArea": { "X": 192, "Y": 0, "Width": 32, "Height": 32 },
			"When":
			{
				"HasFile:{{FromFile}}": true,
			},
		},
	]
}
