{
	"Changes": [
		{
			"LogName": "Linus - Seasonal",
			"Action": "EditImage",
			"Target": "Portraits/Linus, Characters/Linus",
			"FromFile": "assets/{{Target}}/{{TargetWithoutPath}}_{{season}}{{IndoorVariant}}.png",
			"When":
			{
				"HasFile:{{FromFile}}": true,
			},
		},
		{
			"LogName": "Linus - Festival",
			"Action": "EditImage",
			"Target": "Portraits/Linus, Characters/Linus",
            "FromFile": "assets/{{TargetPathOnly}}/Festivals/{{Festival}}/{{TargetWithoutPath}}_{{Festival}}.png",
			"When":
			{
				"HasFile:{{FromFile}}": true,
				"FestivalOutfits": "True",
			},
			"Update": "OnLocationChange",
		},
		
// MISCELLANEOUS		
		{
			"LogName": "Linus - Bundle Sprite",
			"Action": "EditImage",
			"Target": "LooseSprites/BundleSprites",
            "FromFile": "assets/{{NoNose}}/Random/BundleSprites.png",
			"FromArea": { "X": 160, "Y": 0, "Width": 32, "Height": 32 },
			"ToArea": { "X": 160, "Y": 0, "Width": 32, "Height": 32 },
			"When":
			{
				"HasFile:{{FromFile}}": true,
			},
		},
	]
}
