{
	"Changes": [
		{
			"LogName": "Maru - Seasonal",
			"Action": "EditImage",
			"Target": "Portraits/Maru, Characters/Maru",
			"FromFile": "assets/{{Target}}/{{TargetWithoutPath}}_{{season}}{{IndoorVariant}}.png",
			"When":
			{
				"HasFile:{{FromFile}}": true,
			},
		},
		{
			"LogName": "Maru - Winter Indoor/Outdoor",
			"Action": "EditImage",
			"Target": "Portraits/Maru, Characters/Maru",
			"FromFile": "assets/{{Target}}/{{TargetWithoutPath}}_{{season}}{{IndoorVariant}}.png",
			"When":
			{
				"HasFile:{{FromFile}}": true,
                "Season": "Winter",
                "WinterIndoorOutdoorOutfits": "IndoorOutdoor",
			},
			"Update": "OnLocationChange",
		},
		{
			"LogName": "Maru - Festival",
			"Action": "EditImage",
			"Target": "Portraits/Maru, Characters/Maru",
            "FromFile": "assets/{{TargetPathOnly}}/Festivals/{{Festival}}/{{TargetWithoutPath}}_{{Festival}}.png",
			"When":
			{
				"HasFile:{{FromFile}}": true,
				"FestivalOutfits": "True",
			},
			"Update": "OnLocationChange",
		},
		{
			"LogName": "Maru - Beach",
			"Action": "EditImage",
			"Target": "Portraits/Maru_Beach, Characters/Maru_Beach",
			"FromFile": "assets/{{TargetPathOnly}}/Beach/{{TargetWithoutPath}}.png",
			"When":
			{
				"HasFile:{{FromFile}}": true,
			},
		},
		{
			"LogName": "Maru - Hospital",
			"Action": "EditImage",
			"Target": "Portraits/Maru_Hospital, Characters/Maru_Hospital",
			"FromFile": "assets/{{Target}}.png",
			"When":
			{
				"HasFile:{{FromFile}}": true,
			},
		},
		
// NOSE OVERLAY
		{
			"LogName": "Maru - Seasonal Nose",
			"Action": "EditImage",
			"Target": "Characters/Maru, Characters/Maru_Hospital",
            "FromFile": "assets/{{Target}}/{{TargetWithoutPath}}_nose.png",
            "PatchMode": "Overlay",
			"When":
			{
				"HasFile:{{FromFile}}": true,
				"NoNose": "false",
			},
		},
		{
			"LogName": "Maru - Beach Nose",
			"Action": "EditImage",
			"Target": "Characters/Maru_Beach",
            "FromFile": "assets/{{TargetPathOnly}}/Beach/{{TargetWithoutPath}}_nose.png",
            "PatchMode": "Overlay",
			"When":
			{
				"HasFile:{{FromFile}}": true,
				"NoNose": "false",
			},
		},
		
// MISCELLANEOUS		
		{
			"LogName": "Maru - Emoji",
			"Action": "EditImage",
			"Target": "LooseSprites/emojis",
            "FromFile": "assets/{{NoNose}}/Random/emojis.png",
			"FromArea": {"X": 18, "Y": 99, "Width": 9, "Height": 9},
			"ToArea": {"X": 18, "Y": 99, "Width": 9, "Height": 9},
			"When": 
			{
				"HasFile:{{FromFile}}": true,
			},
		},
		{        
			"LogName": "Maru - Glasses",
            "Action": "EditImage",
            "Target": "Characters/Maru, Characters/Maru_Hospital",		
            "FromFile": "assets/{{Target}}/{{TargetWithoutPath}}_clear.png",
			"PatchMode": "Overlay", 
			"When": 
			{
				"MaruGlasses": "false",
			}, 
            "Update": "OnLocationChange",
		},
	]
}
