{
	"Changes": [
		{
			"LogName": "Robin - Seasonal",
			"Action": "EditImage",
			"Target": "Portraits/Robin, Characters/Robin",
			"FromFile": "assets/{{Target}}/{{TargetWithoutPath}}_{{season}}{{IndoorVariant}}.png",
			"When":
			{
				"HasFile:{{FromFile}}": true,
			},
		},
		{
			"LogName": "Robin - Winter Indoor/Outdoor",
			"Action": "EditImage",
			"Target": "Portraits/Robin, Characters/Robin",
			"FromFile": "assets/{{Target}}/{{TargetWithoutPath}}_{{season}}{{IndoorVariant}}.png",
			"When":
			{
				"HasFile:{{FromFile}}": true,
                "Season": "Winter",
                "WinterIndoorOutdoorOutfits": "IndoorOutdoor",
			},
			"Update": "OnLocationChange",
		},
		{
			"LogName": "Robin - Festival",
			"Action": "EditImage",
			"Target": "Portraits/Robin, Characters/Robin",
            "FromFile": "assets/{{TargetPathOnly}}/Festivals/{{Festival}}/{{TargetWithoutPath}}_{{Festival}}.png",
			"When":
			{
				"HasFile:{{FromFile}}": true,
				"FestivalOutfits": "True",
			},
			"Update": "OnLocationChange",
		},
		{
			"LogName": "Robin - Beach",
			"Action": "EditImage",
			"Target": "Portraits/Robin_Beach, Characters/Robin_Beach",
			"FromFile": "assets/{{TargetPathOnly}}/Beach/{{TargetWithoutPath}}.png",
			"When":
			{
				"HasFile:{{FromFile}}": true,
			},
		},
		{
			"LogName": "Robin - Aerobics",
			"Action": "EditImage",
			"Target": "Portraits/Robin, Characters/Robin",
			"FromFile": "assets/{{Target}}/{{TargetWithoutPath}}_Aerobics.png",
			"When":
			{
				"HasFile:{{FromFile}}": true,
				"AerobicsDay": "Regular, Harvey",
			},
			"Update": "OnLocationChange, OnTimeChange",
		},
		
// NOSE OVERLAY
		{
			"LogName": "Robin - Seasonal Nose",
			"Action": "EditImage",
			"Target": "Characters/Robin",
            "FromFile": "assets/{{Target}}/{{TargetWithoutPath}}_nose.png",
            "PatchMode": "Overlay",
			"When":
			{
				"HasFile:{{FromFile}}": true,
				"NoNose": "false",
			},
		},
		{
			"LogName": "Robin - Beach Nose",
			"Action": "EditImage",
			"Target": "Characters/Robin_Beach",
            "FromFile": "assets/{{TargetPathOnly}}/Beach/{{TargetWithoutPath}}_nose.png",
            "PatchMode": "Overlay",
			"When":
			{
				"HasFile:{{FromFile}}": true,
				"NoNose": "false",
			},
		},
		
// MISCELLANEOUS		
		{
			"LogName": "Robin - Emoji",
			"Action": "EditImage",
			"Target": "LooseSprites/emojis",
            "FromFile": "assets/{{NoNose}}/Random/emojis.png",
			"FromArea": {"X": 18, "Y": 108, "Width": 9, "Height": 9},
			"ToArea": {"X": 18, "Y": 108, "Width": 9, "Height": 9},
			"When": 
			{
				"HasFile:{{FromFile}}": true,
			},
		},
		{
			"LogName": "Robin - Clothes Therapy 1",
			"Action": "EditImage",
			"Target": "Characters/ClothesTherapyCharacters",
			"FromFile": "assets/{{Target}}.png",
			"ToArea": {"X": 0, "Y": 128, "Width": 64, "Height": 32},
			"FromArea": {"X": 0, "Y": 128, "Width": 64, "Height": 32},
			"When":
			{
				"HasFile:{{FromFile}}": true,
			},
		},
		{
			"LogName": "Robin - Clothes Therapy 2",
			"Action": "EditImage",
			"Target": "Characters/ClothesTherapyCharacters",
			"FromFile": "assets/{{Target}}.png",
			"ToArea": {"X": 16, "Y": 160, "Width": 16, "Height": 32},
			"FromArea": {"X": 16, "Y": 160, "Width": 16, "Height": 32},
			"When":
			{
				"HasFile:{{FromFile}}": true,
			},
		},
	]
}
