{
    "Changes": [
    {
        "LogName": "LeoMainland",
        "Action": "EditData",
        "Target": "Characters/Dialogue/LeoMainland",
        "Entries":
        {
            "4": "I saw a big mango floating in the sky. Linus told me it was a hot-air balloon!$u#$b#I thought only birds could fly...",
            "18": "When I first arrived, Linus made me a suit out of leaves, like his...#$b#But I looked funny... like a fuzzy mango!$h#$e#I think I'll stick to my feathers.",
            "LeoDeparture": "I need to find some place to live...$s#$b#But I have a plan... I'm going to rely on my friends.",
            "Mon": "Hey, @. Nice to see you back on the island, just like old times. This is fun!#$e#You know, I was scared when you first arrived... I knew my life was about to change.$u",
            "Mon8": "I finally talked to the old lady! You know? The one who fishes?#$b#It turns out, her name? It's Birdie! Haha!$h#$e#I should not have been so shy of her. She's very nice, actually.",
            "Mon10": "It's funny... I'm happy to be visiting here on the island, but I also miss my new home a little.#$e#I wonder what everyone's doing in Stardew Valley.",
            "Tue": "Miss Penny is doing her best to get me up to speed in my schooling. She's really nice...#$e#...Luckily, I remember some things from my old, old life... before washing up on the island... so it's not as difficult as it could be.#$e#Miss Penny says she's impressed with how much I know!",
            "Tue8": "I really like reading. If only I'd had some books when I lived on Ginger Island...#$e#Miss Penny found me a book about birds from all over the world. There are so many different kinds I never knew about!",
            "Tue10": "I'm sure Jas and Vincent thought I was weird, at first. I accidentally squawked at the school table a few times... that didn't help.$s#$e#It was a big change for everyone. But we're good friends now!$h",
            "Wed": "Between Linus and Miss Penny, I'm going to learn everything there is to learn!$h#$e#Mayor Lewis says I'm on the fast track to becoming a 'well-rounded citizen'... whatever that means.",
            "Wed8": "When the trains come through behind my treehouse, the noise scared me the first time, but not anymore.#$e#They're loud but so exciting! Where do you think they go?",
            "Wed10": "So many things that Vincent eats for lunch come out of... plastic boxes. Are they really food?",
            "Thu": "Have you ever noticed all the interesting birds that live here?#$e#If you listen closely, they might tell you something.",
            "Thu8": "It felt bad at first... to leave the island and set foot in a strange land.$s#$e#But, I got used to it after a while.#$b#I'm a very flexible person!$h",
            "Thu10": "I felt like a stranger here, at first. But I've made a lot of friends!$h#$b#For once, I feel like I belong...",
            "Fri": "Linus has been teaching me about all the wild food in the valley. There's a lot of good stuff out here!$h#$e#Though... I do kind of miss having golden walnuts for breakfast every morning...$s",
            "Fri8": "Uncle Linus says I should 'cook' my fish before eating it...$s#$b#I'm having a hard time getting used to it... so dry...$s",
            "Fri10": "I think I'm growing big and strong. I'm eating a lot more these days, and I can run faster and jump higher than I used to.",
            "Sat": "Maybe some day, I'll visit Zuzu City...$u#$b#But I'm not even close to being ready, yet. This world is already so strange to me, and I'm very comfortable here right now!$h",
            "Sat8": "Ahhhh... me and Willy are going to get up extra early tomorrow to visit Ginger Island.#$b#I can't wait to tell the parrots about all my adventures this week!$h",
            "Sat10": "@? Um... I'm a little embarrassed to ask...$u#$b#But... do you think Jas would ever like a guy like me?$u#$b#Or am I too weird?$s#$e#Hahaha... who cares. I'll figure it out some day.$h",
            "Sun": "You know, Stardew Valley might be my new home... but the island will always be my home, too.#$e#It's nice to be able to come back and visit.",
            "Sun8": "I caught a fish off the side of Willy's boat early this morning.$h#$e#It was just a little one. I threw him back to his home.",
            "Sun10": "The parrots want me to thank you for all the golden walnuts you've found. They're really enjoying them.$h",
            "summer_Mon8":"Vincent said he wants to move to my hut here on Ginger Island.$h#$e#His mother won't let him. Haha, maybe someday.",			
            "summer_Tue10":"I wonder if there are others like me... living on islands of their own. What if they're all alone?$u#$e#I was never alone, but I understand now that things weren't the way they should have been.$u",
			"summer_Fri10":"A lot of people are talking about their week-end. I get what it is, but why is it such a big deal?",
			"summer_Sat10": "At first, I thought there was no more room in my heart for more family...#$b#...but it turns out there's plenty more room! You, Uncle Linus, Willy, everyone.,,$h#$e#I have two families now.",																									
            "fall_Tue": "I took a bath at the hot spring! It feels so good to get all clean.$h",
            "fall_Wed": "The leaves! They're so beautiful!#$e#Why don't the trees change color on Ginger Island?",
			"fall_Thu10":"My socks are wet. Used to be... I'd dry my feet in the hot sand. What do I do now?$u",
			"fall_Sat10":"Even the fish in the valley change from season to season. It's so interesting.#$b#On the island, they are always the same.",
			"winter_Wed": "So... c-c-cold.$3#$e#Uncle Linus says I'll get used to it.$3",
            "winter_Wed10": "The cold isn't so bad if you have a campfire. Uncle Linus taught me.",
            "winter_Thu": "The birds of this valley don't mind the cold so much.#$e#I'm a little jealous of their warm coats...$s",
            "winter_Fri": "Linus taught me how to make a special spice berry rubbed fish...#$b#He says if I eat enough of it it'll keep me warm this winter!$h",
            "winter_Sun8": "Ahhhh, it's nice to take a break from the cold in the Stardew Valley.#$e#Still, it'll be fun when I can get back and play in the snow.",
            "spring_1_2": "Ahh, I slept well last night. Are you ready for a new year?#$e#I'm excited to see the valley tomorrow when I get back.",
            "winter_28_2": "It's a new year tomorrow, right? Willy said the snow might be melted by the time I get back to the valley.#$e#Not much changes around here, though. I used to forget sometimes.",
        }
    }]
}